id;code;shool_year;semester;month
1;Facilitator Data;input bypass explicit;benchmark hybrid Cambridgeshire;Realigned Consultant back up
2;invoice mission-critical Buckinghamshire;driver redundant;e-business auxiliary;interface invoice firmware
3;Intelligent Poland;application Towels;turquoise cross-platform;transmitter Ergonomic Cotton Table
4;scale Rubber open-source;fault-tolerant protocol Peso Uruguayo Uruguay Peso en Unidades Indexadas;calculate Paradigm Face to face;Bacon
5;Alaska Unbranded Wooden Chair Handcrafted Granite Bike;Sleek Concrete Cheese Orchestrator Accounts;pixel Fantastic;Functionality
6;invoice Qatar;Toys Djibouti Franc scale;Dominican Republic override South Dakota;Money Market Account synthesizing iterate
7;Plastic South Dakota;Books;encoding;value-added
8;open-source;parse invoice;Plains Money Market Account;Dynamic Fantastic
9;data-warehouse Cambridgeshire;North Dakota;Borders;parsing Sleek Wooden Tuna
10;Investment Account connecting mobile;Plastic Dalasi Moldovan Leu;Sausages;Isle
