id;created_time;created_name;update_time;update_name;name;code;dept_id;specialize;grade_level;teacher_id;years
1;2021-08-01T15:45:55;Steel functionalities teal;2021-08-01T06:59:22;Station;Lilangeni Cambridgeshire;bottom-line Sleek neural-net;62451;96617;25435;82076;Buckinghamshire Island
2;2021-08-01T06:52:11;Rustic;2021-08-01T05:39:24;Cambridgeshire copy content;scale blue Sleek;Mobility AI salmon;36854;84855;87970;17721;Licensed
3;2021-08-01T03:45:47;Regional;2021-08-01T22:16:07;Horizontal;auxiliary online Arizona;mobile 24/7;30902;45685;88238;90576;Configuration Cotton drive
4;2021-08-01T13:17:59;models copying;2021-08-01T18:54:28;Manager;interfaces Buckinghamshire Savings;sticky Shirt Administrator;89520;43171;87404;36985;Specialist
5;2021-08-01T15:39:30;well-modulated;2021-08-01T00:00:29;Soft;magenta Money;bypass zero;51802;28948;6767;27693;XSS
6;2021-07-31T22:53:43;Cotton;2021-08-01T03:54:58;AGP Salad;circuit Persistent SAS;FTP;26003;3560;60344;34485;platforms
7;2021-08-01T09:27:33;Planner FTP;2021-08-01T04:57:43;PCI overriding;Port;embrace Ouguiya;94503;54065;82804;49241;calculate AGP
8;2021-08-01T07:16:59;feed;2021-08-01T05:48:41;payment interface;circuit calculate e-business;robust AI;53322;68292;22372;41733;Table COM programming
9;2021-08-01T17:15:12;Skyway;2021-08-01T08:12:45;AI generate Pants;Manager;Account Refined;32278;36045;51645;22003;Baht invoice Car
10;2021-08-01T15:20:26;whiteboard Liaison Pants;2021-08-01T11:04:30;yellow payment;applications;reboot;61372;35822;54721;5263;deposit withdrawal Centralized
