id;relationship;created_time;full_name;phone;student_id;created_name
1;30160;2021-08-16T02:02:01;Markets Rustic;977-788-2207 x619;31502;Spain online
2;63000;2021-08-15T16:43:01;Berkshire back up;1-574-251-6333;17677;Implementation
3;67216;2021-08-15T15:30:20;initiative;260-163-3251;99769;pink quantifying
4;18048;2021-08-16T00:33:00;bypassing Plastic;(544) 185-6518 x5369;74539;Gibraltar Pound capacitor
5;77092;2021-08-15T18:44:26;Portugal Malaysian Ringgit Home Loan Account;1-003-281-8164;59716;JSON leading-edge connect
6;41731;2021-08-16T05:04:44;Mountain;(510) 077-8335;38386;Cambridgeshire Bedfordshire
7;87150;2021-08-15T09:49:07;PCI;502-358-5958;82027;digital
8;53473;2021-08-16T02:01:13;Administrator Unbranded;261.675.3696;25937;Gorgeous
9;78935;2021-08-15T11:00:29;wireless Plastic Kenyan Shilling;(847) 350-4341 x193;54060;Home Loan Account Virtual
10;74067;2021-08-16T07:59:06;Belarussian Ruble;(618) 755-2804;83598;Applications Cuban Peso Peso Convertible
