id;created_time;created_name;update_time;update_name;language_name;level;teacher_id
1;2021-08-01T07:02:06;core;2021-08-01T00:33:57;Account Health next-generation;Small Rubber;Mouse Rand;41506
2;2021-07-31T09:13:03;Soft;2021-07-31T18:43:24;invoice utilisation synthesizing;throughput Soft Integration;transition Sleek Buckinghamshire;4442
3;2021-07-31T22:43:18;networks Landing Function-based;2021-08-01T03:53:07;Concrete;indexing orchid;AI;33497
4;2021-07-31T12:07:39;bypassing intangible Group;2021-08-01T00:23:12;Plastic;discrete;Corner Rubber;89877
5;2021-08-01T05:11:40;Verde PCI black;2021-07-31T09:47:01;synergies;withdrawal Manors Greece;1080p Enterprise-wide;62625
6;2021-07-31T12:59:42;orchestration;2021-08-01T01:32:23;Officer multi-byte Intelligent;Account indexing;architecture Shoals;60135
7;2021-08-01T01:38:09;Dollar;2021-07-31T23:57:02;redefine Berkshire;Buckinghamshire;Licensed Account payment;22990
8;2021-08-01T07:13:16;back;2021-08-01T04:58:17;Data area parse;Card interface;Car Gardens;39496
9;2021-07-31T07:53:12;Wooden generate;2021-08-01T05:36:13;Account;Dynamic;lavender exuding Qatari;33724
10;2021-07-31T08:25:19;(Chagos;2021-08-01T04:08:02;Concrete open-source Handcrafted;Hampshire user Tasty;synergize Chicken;17490
