id;data_package;update_time;update_name;status;semester;student_id;shool_year;class_code
1;79193;2021-08-15T23:50:16;TCP Handcrafted;59158;98878;3017;Falkland Islands Pound North Carolina back up;Home Loan Account
2;15280;2021-08-15T16:46:58;transform back up;75317;42258;79916;methodologies Keyboard clicks-and-mortar;Object-based Cambridgeshire
3;52975;2021-08-15T10:13:37;Division Forint Team-oriented;29749;17538;21088;Product;payment hard drive USB
4;52873;2021-08-15T21:34:29;Internal cyan;94970;79207;93513;transmitting Health;solid state
5;13649;2021-08-15T12:03:29;Rubber Computer Cheese;13284;19561;45466;visionary Intelligent Rustic;indexing
6;73911;2021-08-15T14:47:47;black;88576;47605;38008;Pataca;array withdrawal Austria
7;76343;2021-08-15T19:49:25;Infrastructure quantify;31554;59649;68454;Investment Account Incredible Cotton Mouse;forecast
8;47012;2021-08-16T06:51:04;parse back-end;81358;90118;196;Credit Card Account;Assimilated grow interface
9;74076;2021-08-16T06:36:56;deposit Liaison;90190;72768;85901;global circuit Falkland Islands (Malvinas);ADP
10;81560;2021-08-16T00:13:02;back-end Auto Loan Account Legacy;49415;96158;52159;Sausages Fantastic Frozen Cheese Sports;Analyst
