id;student_code;current_class_code;year
1;Credit Card Account;Investment Account Intelligent Concrete Table open-source;eyeballs world-class
2;Kentucky;integrated 1080p Jewelery;Intelligent Steel Keyboard convergence navigating
3;GB Oregon;Table Steel Swedish Krona;bypass engineer
4;program;Steel Plains Tasty Rubber Shoes;redefine bandwidth SAS
5;Maryland Granite Tuna;Gloves;cohesive
6;Supervisor Home indexing;Awesome Steel Computer;mobile Ball Sports
7;withdrawal needs-based EXE;Jewelery Personal Loan Account;utilisation
8;index;Cotton Regional;index
9;mint green Sleek portal;Stravenue azure deposit;User-centric markets Antarctica (the territory South of 60 deg S)
10;Fresh Money Market Account Home Loan Account;incubate generating;Paradigm
