id;created_time;created_name;update_time;update_name;full_name;code;dept_id;start_date;phone;email;birth_day;religion;home_town;nation;permanent_address;temporary_address;social_insurance_number;identity_card;issued_address;issued_date;sex;avatar;elect_format;graduation_type;contact_id
1;2021-08-01T02:31:22;concept radical;2021-08-01T01:37:56;whiteboard;frictionless Configuration Shoes;Bedfordshire Monitored Tasty;91251;2021-08-01T03:35:23;841.874.1074;Weston35@gmail.com;2021-07-31T22:34:22;multi-tasking Hampshire;Shoes;South emulation Money;circuit;Maine;Refined Uzbekistan Iran;Uganda quantify;invoice;2021-08-01T19:10:28;76972;payment Practical synthesizing;27636;24947;1020
2;2021-08-01T02:25:52;program system;2021-07-31T23:02:31;Automotive Marketing Concrete;online system;group deposit;48846;2021-08-01T16:02:18;211.935.4499;Bella.Rosenbaum46@yahoo.com;2021-08-01T02:05:13;deposit Legacy;Regional;Polarised circuit;Operative Health cutting-edge;Intranet Granite Stand-alone;Ferry white input;known enable;Guatemala uniform Grocery;2021-08-01T21:07:50;26113;quantify Avon withdrawal;42547;71754;81909
3;2021-08-01T15:09:34;Steel Triple-buffered Fiji;2021-08-01T11:05:20;Shoes Fresh Refined;integrate Global;payment;65215;2021-08-01T00:47:11;1-560-426-9251;Malinda.Moore9@yahoo.com;2021-08-01T06:01:43;Technician connect gold;cross-media;orange Officer Concrete;out-of-the-box port Washington;Nevada;Iceland;Regional;Frozen deposit;2021-08-01T16:47:30;12133;Books Handcrafted;41318;7305;74293
4;2021-08-01T04:49:05;Books;2021-08-01T11:51:42;Cambodia;deposit;Rubber;88082;2021-08-01T10:06:01;(519) 518-2109 x1377;Keaton.Toy@yahoo.com;2021-08-01T10:34:41;navigate;Bacon incremental payment;vortals;Loan payment Wooden;bypassing;Fully-configurable;Dollar;Program;2021-08-01T01:28:13;29170;e-business Martin implement;67792;35014;98734
5;2021-08-01T05:31:37;Assurance;2021-08-01T12:34:19;Loan;invoice Streamlined;Nevada;6316;2021-07-31T23:39:06;710-359-8480 x93853;Gia.Braun58@yahoo.com;2021-08-01T08:42:11;Keyboard Point;Computer;Licensed reintermediate;supply-chains payment interface;e-enable;Soap Bedfordshire Account;deposit purple haptic;haptic Coordinator;2021-08-01T09:34:39;73649;Turkish Bedfordshire synthesizing;83750;13085;70139
6;2021-08-01T13:35:26;HTTP Indiana Montana;2021-08-01T01:33:49;ADP;Branding;Savings Bedfordshire;79283;2021-08-01T14:05:34;269.912.3334;Johnathan.Lynch@hotmail.com;2021-08-01T11:08:54;optimal;reinvent Personal Soft;Principal Handmade Northern;azure Practical Berkshire;connect optimal Tugrik;Central;Fantastic Granite Card;24/7 circuit;2021-08-01T16:14:38;40909;edge;22136;23704;35548
7;2021-08-01T00:20:07;Granite Oklahoma;2021-08-01T04:56:59;service-desk Granite;Central haptic Berkshire;Music Togo;81529;2021-08-01T08:45:10;1-400-981-8519;Bethany.Hintz@yahoo.com;2021-08-01T05:16:55;payment;bus;capacitor human-resource Gorgeous;copying;bypass;Licensed;Berkshire open-source;Planner;2021-08-01T11:48:04;75446;Dollar;60160;86507;75058
8;2021-08-01T05:58:45;global pricing;2021-08-01T14:51:34;virtual panel;FTP Cape;granular silver;99679;2021-07-31T23:49:18;423-833-9413;Freeman10@gmail.com;2021-08-01T19:20:37;indigo;portals Taiwan Loan;Investment JBOD;North;Unbranded;Central enterprise Jewelery;Car;green port Rustic;2021-08-01T21:33:21;57215;Borders SSL e-markets;90972;29410;21505
9;2021-08-01T04:05:12;Cayman;2021-08-01T04:20:24;platforms Massachusetts payment;Developer encryption green;open-source Loan;44096;2021-08-01T14:57:36;1-895-269-1790;Thalia47@yahoo.com;2021-08-01T06:33:15;orange fuchsia User-friendly;HTTP;ADP Licensed;silver capacitor;Plastic;Spring impactful Mouse;matrix;Keyboard sticky;2021-08-01T11:34:42;49959;New parsing;12639;34365;1848
10;2021-08-01T05:12:21;open-source portals;2021-07-31T22:54:25;withdrawal unleash indexing;Gibraltar;synthesizing;30037;2021-08-01T18:27:15;242.461.2232 x654;Ricardo_McCullough21@hotmail.com;2021-08-01T05:23:44;multi-tasking secured;indexing applications Account;sky;utilisation Total;Concrete;Automotive Manors;Intelligent;Liaison viral;2021-08-01T02:09:28;77123;Fresh JBOD;97119;6566;73440
