id;created_time;created_name;update_time;update_name;name;code;dept_id;grade_level;type;sup_type;description
1;2021-08-01T02:20:34;payment Bedfordshire;2021-08-01T01:40:26;enhance;Estonia;Gloves;53173;54251;10075;70372;Account Secured Awesome
2;2021-08-01T01:14:16;generate multi-byte;2021-08-01T01:41:08;Interactions;orchid;Security Indiana Plastic;71822;77013;7431;89467;Albania Frozen Port
3;2021-07-31T14:18:47;Frozen Customer;2021-08-01T05:29:18;connecting RAM;Fish evolve;neural;20122;12793;46026;20271;navigating
4;2021-07-31T21:30:39;Baby Creative Toys;2021-08-01T05:11:51;Engineer robust;Lake mission-critical navigating;Identity niches Investment;26230;60773;43298;12182;Concrete proactive parse
5;2021-07-31T18:56:57;Unbranded;2021-08-01T02:20:00;Music;optical;Internal redundant;88617;27374;66777;54796;Walk optical Re-engineered
6;2021-08-01T00:36:24;repurpose didactic generate;2021-08-01T03:24:12;Salad Direct Uruguay;sensor;Ergonomic web-enabled SSL;58778;11677;81525;7375;cutting-edge Rustic
7;2021-07-31T22:51:09;Cambridgeshire Skyway Administrator;2021-07-31T17:13:57;e-services red;Intelligent portals;Rubber;54773;13995;15074;97140;Account Soft Designer
8;2021-08-01T03:52:59;Tennessee;2021-08-01T02:34:26;Books Keyboard;Assurance Account neural;parsing navigate;39638;61740;7380;77871;sensor Product
9;2021-08-01T05:24:32;Specialist;2021-07-31T20:28:47;AI;Chad;Frozen;63366;40087;91395;31887;Steel Forest
10;2021-08-01T04:23:01;Branding Argentina;2021-07-31T19:11:47;override Republic array;alarm;leverage Focused 1080p;55348;9406;52987;63525;Consultant Toys
