id;created_time;created_name;update_time;update_name;full_name;code;dept_id;subject_parent_id;position;start_date;contract_type;phone;email;birth_day;religion;home_town;nation;permanent_address;temporary_address;social_insurance_number;identity_card;issued_address;issued_date;marriage_status;sex;party_number;union_number;date_of_party_member;date_of_union_member;adr_of_party_member;adr_of_union_member;specialize_level;avatar;certificate_path;status
1;2021-07-31T15:25:00;Borders;2021-07-31T15:51:54;circuit Intelligent;teal;panel;78510;14725;4785;2021-07-31T10:37:46;83271;(690) 384-4680 x2019;Emanuel_Balistreri@hotmail.com;2021-07-31T09:33:57;GB;back-end Bhutan Bedfordshire;bypass teal;Research;deposit Multi-channelled Soap;initiative feed;District;monitoring Account;2021-07-31T17:35:55;31493;32667;7932;51033;2021-07-31T13:15:53;2021-07-31T20:04:59;Cheese national Executive;functionalities Brazil;60223;Fresh;Dram Vista;37825
2;2021-08-01T01:21:19;Union;2021-08-01T03:31:02;Principal architectures Saint;Producer;primary;56079;25123;19155;2021-07-31T16:16:31;40860;347.921.3903 x10574;Laurel.Williamson71@yahoo.com;2021-07-31T20:08:52;Gold Licensed;Soap hack;Steel Lesotho;quantifying;Missouri Gabon;calculate;Soft Cambridgeshire;Equatorial Dollar;2021-08-01T00:34:53;22796;70612;81054;41053;2021-08-01T06:45:01;2021-07-31T23:35:15;Metal indexing green;Handmade upward-trending Baby;64555;driver;Engineer;76250
3;2021-08-01T03:53:57;process Up-sized hacking;2021-07-31T20:57:55;Account;up;payment Regional;6036;40704;50651;2021-07-31T19:52:30;68026;796.659.5610;Victor73@yahoo.com;2021-07-31T18:40:31;Small Bedfordshire;Small;cross-media;Inverse HTTP encoding;Administrator Garden enhance;Buckinghamshire Gloves;driver Bacon Bacon;indexing Analyst Illinois;2021-08-01T01:10:44;99203;94404;57338;30485;2021-07-31T13:16:23;2021-07-31T16:48:41;firewall;Games;80583;payment Ohio;Factors;99161
4;2021-08-01T02:17:53;Steel leverage CSS;2021-08-01T01:06:54;bluetooth deposit;Director Gardens B2B;yellow architect Forward;71552;24140;83684;2021-07-31T22:15:57;21914;717.521.1758;Rhett.Hegmann70@gmail.com;2021-07-31T14:09:16;orange;copying Designer;overriding Response;Wyoming;Cheese transitional;action-items;white;Chicken local;2021-08-01T00:12:05;76303;93252;87270;35803;2021-07-31T13:51:58;2021-07-31T08:31:45;Tools;Chicken;9209;Tasty Missouri out-of-the-box;Chief Buckinghamshire;33464
5;2021-07-31T08:12:17;metrics bypass Principal;2021-07-31T16:12:48;e-services Wooden;THX e-tailers;Borders;10043;81666;61419;2021-07-31T22:52:54;20276;1-634-650-5855 x5926;Cielo_Funk38@hotmail.com;2021-07-31T17:41:18;cross-platform alarm Savings;white Web multi-byte;Lead;Jewelery Way Dynamic;Cotton Extended Ohio;Account superstructure;solutions bi-directional;web-readiness;2021-08-01T04:23:52;14228;50188;26174;28993;2021-07-31T10:56:12;2021-07-31T15:11:01;Metal;incremental bypass;19699;Shoes;Officer Saudi maximized;43978
6;2021-07-31T16:47:34;Accountability Concrete Versatile;2021-07-31T15:59:40;olive blue;database;invoice;13594;57121;98499;2021-07-31T09:09:19;30514;1-856-285-7783 x343;Aniyah93@yahoo.com;2021-07-31T13:20:48;Communications Gloves Computer;Refined Credit;web cutting-edge;efficient Savings;Emirates compress PNG;synergy service-desk;generation Enterprise-wide synthesize;deposit Implemented;2021-07-31T16:06:53;35329;23639;4333;82415;2021-07-31T22:31:38;2021-07-31T12:50:34;Steel;Books Assistant Communications;79780;ivory;Configuration JSON;98324
7;2021-07-31T23:16:29;SAS Direct cross-media;2021-08-01T02:49:53;optimal Garden;approach bypass;Wooden;42027;44555;89208;2021-08-01T06:07:09;69631;842-525-8186;Allison94@gmail.com;2021-07-31T08:19:44;Soft De-engineered SQL;mobile Regional interface;Seamless systematic modular;bypassing;Sausages SMTP Grocery;Qatar user-facing Towels;Towels Nakfa;Buckinghamshire International;2021-07-31T16:34:44;78390;30336;75358;12607;2021-08-01T01:09:54;2021-08-01T01:26:07;multi-byte Intelligent;synthesize Executive;20608;next-generation Iowa;Health deposit Bedfordshire;23755
8;2021-08-01T01:10:51;analyzing;2021-07-31T17:47:18;Chair;uniform navigating;Cambridgeshire;5675;35227;11710;2021-07-31T16:32:32;37551;1-806-248-5756;Marshall0@gmail.com;2021-07-31T20:40:59;regional transmit Mississippi;unleash;Account Global;Director;vortals;Park;intelligence projection;XML indexing Concrete;2021-07-31T08:01:14;32144;34058;85922;5154;2021-07-31T12:55:04;2021-07-31T16:10:43;panel;Camp Fresh;98642;models intranet Hampshire;Causeway context-sensitive;70784
9;2021-07-31T20:16:04;Tasty;2021-07-31T14:47:37;Islands;Quality-focused Cambodia Steel;Jewelery connecting;89200;66054;18618;2021-08-01T06:50:41;70037;(782) 718-9770 x599;Kiley_Runte@gmail.com;2021-07-31T16:27:17;Shoes;calculating;overriding Reverse-engineered Fantastic;program Mobility;extranet violet;digital Tools Virginia;visionary;Security contextually-based Market;2021-08-01T02:06:55;40706;78595;50661;58765;2021-07-31T19:45:08;2021-07-31T20:55:27;driver flexibility Lira;Bedfordshire Market e-services;79304;up blue Bacon;Handmade Ameliorated;88649
10;2021-07-31T18:54:53;Metal;2021-07-31T10:12:46;reboot;Facilitator transmitter Intelligent;supply-chains;10126;5835;64861;2021-07-31T23:47:26;86459;320.363.5921;Danny.Dare34@yahoo.com;2021-07-31T16:26:18;Fresh;Rufiyaa compressing Checking;target contingency;Virginia Representative CSS;Cambridgeshire Ergonomic;Small Movies Chair;dynamic success;upward-trending Dinar Diverse;2021-07-31T20:00:59;66869;5175;73828;66727;2021-07-31T16:48:03;2021-08-01T02:03:29;syndicate actuating frame;transition;10212;programming Senior Account;dot-com;8681
